{
  "evaluation_time": "2024-11-09T13:17:09.320531",
  "results": {
    "Question 1": {
      "prompt": "How many rows are there in the dataset?",
      "model_responses": [
        "2000",
        "2000",
        "2000",
        "2000",
        "2000",
        "2000",
        "2000",
        "2000",
        "2000",
        "2000",
        "2000",
        "2000",
        "2000",
        "2000",
        "2000",
        "2000",
        "2000",
        "2000",
        "2000",
        "2000",
        "2000",
        "2000",
        "2000",
        "2000",
        "2000",
        "2000",
        "2000",
        "2000",
        "2000",
        "2000"
      ],
      "ground_truth_value": 2000,
      "correct_predictions": 30,
      "total_runs": 30,
      "accuracy": 100.0,
      "total_time": 169.63827753067017
    },
    "Question 2": {
      "prompt": "How many times did the event with eventid E189 occur?",
      "model_responses": [
        "166",
        "166",
        "166",
        "166",
        "166",
        "166",
        "166",
        "166",
        "166",
        "166",
        "166",
        "166",
        "166",
        "166",
        "166",
        "166",
        "166",
        "166",
        "166",
        "166",
        "166",
        "166",
        "166",
        "166",
        "166",
        "166",
        "166",
        "166",
        "166",
        "166"
      ],
      "ground_truth_value": 166,
      "correct_predictions": 30,
      "total_runs": 30,
      "accuracy": 100.0,
      "total_time": 194.50109934806824
    },
    "Question 3": {
      "prompt": "How many times did the event E189 occur?",
      "model_responses": [
        "166",
        "166",
        "166",
        "166",
        "166",
        "166",
        "166",
        "166",
        "166",
        "166",
        "166",
        "166",
        "166",
        "166",
        "166",
        "166",
        "166",
        "166",
        "166",
        "166",
        "166",
        "166",
        "166",
        "166",
        "166",
        "166",
        "166",
        "166",
        "166",
        "166"
      ],
      "ground_truth_value": 166,
      "correct_predictions": 30,
      "total_runs": 30,
      "accuracy": 100.0,
      "total_time": 189.01165747642517
    },
    "Question 4": {
      "prompt": "How many times did the event with component kernel occur?",
      "model_responses": [
        "775",
        "775",
        "775",
        "775",
        "775",
        "775",
        "775",
        "775",
        "775",
        "775",
        "775",
        "775",
        "775",
        "775",
        "775",
        "775",
        "775",
        "775",
        "775",
        "775",
        "775",
        "775",
        "775",
        "775",
        "775",
        "775",
        "775",
        "775",
        "775",
        "775"
      ],
      "ground_truth_value": 775,
      "correct_predictions": 30,
      "total_runs": 30,
      "accuracy": 100.0,
      "total_time": 201.07810068130493
    },
    "Question 5": {
      "prompt": "What is the most frequent eventid that occurred?",
      "model_responses": [
        "Unfortunately, I was not able to answer your question, because of the following error:\n\nattempt to get argmax of an empty sequence\n",
        "Unfortunately, I was not able to answer your question, because of the following error:\n\nattempt to get argmax of an empty sequence\n",
        "Unfortunately, I was not able to answer your question, because of the following error:\n\nattempt to get argmax of an empty sequence\n",
        "Unfortunately, I was not able to answer your question, because of the following error:\n\n0\n",
        "Unfortunately, I was not able to answer your question, because of the following error:\n\nattempt to get argmax of an empty sequence\n",
        "Unfortunately, I was not able to answer your question, because of the following error:\n\nattempt to get argmax of an empty sequence\n",
        "Unfortunately, I was not able to answer your question, because of the following error:\n\nattempt to get argmax of an empty sequence\n",
        "Unfortunately, I was not able to answer your question, because of the following error:\n\nsingle positional indexer is out-of-bounds\n",
        "Unfortunately, I was not able to answer your question, because of the following error:\n\nattempt to get argmax of an empty sequence\n",
        "Unfortunately, I was not able to answer your question, because of the following error:\n\nValue type <class 'str'> must match with type number\n",
        "Unfortunately, I was not able to answer your question, because of the following error:\n\nattempt to get argmax of an empty sequence\n",
        "Unfortunately, I was not able to answer your question, because of the following error:\n\nattempt to get argmax of an empty sequence\n",
        "Unfortunately, I was not able to answer your question, because of the following error:\n\nattempt to get argmax of an empty sequence\n",
        "Unfortunately, I was not able to answer your question, because of the following error:\n\nNo result returned\n",
        "Unfortunately, I was not able to answer your question, because of the following error:\n\nsingle positional indexer is out-of-bounds\n",
        "Unfortunately, I was not able to answer your question, because of the following error:\n\nattempt to get argmax of an empty sequence\n",
        "Unfortunately, I was not able to answer your question, because of the following error:\n\nlist indices must be integers or slices, not str\n",
        "Unfortunately, I was not able to answer your question, because of the following error:\n\n0\n",
        "Unfortunately, I was not able to answer your question, because of the following error:\n\nattempt to get argmax of an empty sequence\n",
        "Unfortunately, I was not able to answer your question, because of the following error:\n\nattempt to get argmax of an empty sequence\n",
        "Unfortunately, I was not able to answer your question, because of the following error:\n\nattempt to get argmax of an empty sequence\n",
        "Unfortunately, I was not able to answer your question, because of the following error:\n\nsingle positional indexer is out-of-bounds\n",
        "nan",
        "Unfortunately, I was not able to answer your question, because of the following error:\n\nattempt to get argmax of an empty sequence\n",
        "Unfortunately, I was not able to answer your question, because of the following error:\n\nattempt to get argmax of an empty sequence\n",
        "Unfortunately, I was not able to answer your question, because of the following error:\n\nattempt to get argmax of an empty sequence\n",
        "Unfortunately, I was not able to answer your question, because of the following error:\n\nsingle positional indexer is out-of-bounds\n",
        "Unfortunately, I was not able to answer your question, because of the following error:\n\nsingle positional indexer is out-of-bounds\n",
        "Unfortunately, I was not able to answer your question, because of the following error:\n\nsingle positional indexer is out-of-bounds\n",
        "Unfortunately, I was not able to answer your question, because of the following error:\n\nattempt to get argmax of an empty sequence\n"
      ],
      "ground_truth_value": "E189",
      "correct_predictions": 0,
      "total_runs": 30,
      "accuracy": 0.0,
      "total_time": 1238.295688867569
    },
    "Question 6": {
      "prompt": "Who is the top user?",