{
  "evaluation_time": "2024-11-09T14:06:37.446148",
  "results": {
    "Question 1": {
      "prompt": "How many rows are there in the dataset?",
      "model_responses": [
        "2000",
        "2000",
        "2000",
        "2000",
        "2000",
        "2000",
        "2000",
        "2000",
        "2000",
        "2000",
        "2000",
        "2000",
        "2000",
        "2000",
        "2000",
        "2000",
        "2000",
        "2000",
        "2000",
        "2000",
        "2000",
        "2000",
        "2000",
        "2000",
        "2000",
        "2000",
        "2000",
        "2000",
        "2000",
        "2000"
      ],
      "ground_truth_value": 2000,
      "correct_predictions": 30,
      "total_runs": 30,
      "accuracy": 100.0,
      "total_time": 155.44984221458435
    },
    "Question 2": {
      "prompt": "How many times did the event with eventid E189 occur?",
      "model_responses": [
        "166",
        "166",
        "166",
        "1",
        "166",
        "166",
        "1",
        "166",
        "166",
        "7",
        "166",
        "166",
        "2",
        "166",
        "166",
        "166",
        "166",
        "166",
        "166",
        "166",
        "166",
        "166",
        "166",
        "166",
        "166",
        "166",
        "8",
        "166",
        "166",
        "166"
      ],
      "ground_truth_value": 166,
      "correct_predictions": 27,
      "total_runs": 30,
      "accuracy": 90.0,
      "total_time": 171.22829008102417
    },
    "Question 3": {
      "prompt": "How many times did the event E189 occur?",
      "model_responses": [
        "166",
        "0",
        "166",
        "0",
        "0",
        "0",
        "166",
        "0",
        "0",
        "166",
        "0",
        "0",
        "166",
        "0",
        "166",
        "166",
        "166",
        "0",
        "166",
        "166",
        "166",
        "0",
        "166",
        "166",
        "0",
        "166",
        "0",
        "166",
        "166",
        "166"
      ],
      "ground_truth_value": 166,
      "correct_predictions": 17,
      "total_runs": 30,
      "accuracy": 56.666666666666664,
      "total_time": 167.88280510902405
    },
    "Question 4": {
      "prompt": "How many times did the event with component kernel occur?",
      "model_responses": [
        "775",
        "775",
        "775",
        "775",
        "775",
        "775",
        "775",
        "775",
        "775",
        "775",
        "775",
        "775",
        "775",
        "775",
        "775",
        "775",
        "775",
        "775",
        "775",
        "775",
        "775",
        "775",
        "775",
        "775",
        "775",
        "775",
        "775",
        "775",
        "775",
        "775"
      ],
      "ground_truth_value": 775,
      "correct_predictions": 30,
      "total_runs": 30,
      "accuracy": 100.0,
      "total_time": 168.8496389389038
    },
    "Question 5": {
      "prompt": "What is the most frequent eventid that occurred?",
      "model_responses": [
        "Unfortunately, I was not able to answer your question, because of the following error:\n\nattempt to get argmax of an empty sequence\n",
        "No events found",
        "Unfortunately, I was not able to answer your question, because of the following error:\n\nattempt to get argmax of an empty sequence\n",
        "Unfortunately, I was not able to answer your question, because of the following error:\n\nattempt to get argmax of an empty sequence\n",
        "Unfortunately, I was not able to answer your question, because of the following error:\n\nattempt to get argmax of an empty sequence\n",
        "Unfortunately, I was not able to answer your question, because of the following error:\n\nsingle positional indexer is out-of-bounds\n",
        "Unfortunately, I was not able to answer your question, because of the following error:\n\nsingle positional indexer is out-of-bounds\n",
        "Unfortunately, I was not able to answer your question, because of the following error:\n\n0\n",
        "Unfortunately, I was not able to answer your question, because of the following error:\n\nattempt to get argmax of an empty sequence\n",
        "Unfortunately, I was not able to answer your question, because of the following error:\n\n0\n",
        "Unfortunately, I was not able to answer your question, because of the following error:\n\nattempt to get argmax of an empty sequence\n",
        "Unfortunately, I was not able to answer your question, because of the following error:\n\nsingle positional indexer is out-of-bounds\n",
        "Unfortunately, I was not able to answer your question, because of the following error:\n\nsingle positional indexer is out-of-bounds\n",
        "Unfortunately, I was not able to answer your question, because of the following error:\n\nattempt to get argmax of an empty sequence\n",
        "Unfortunately, I was not able to answer your question, because of the following error:\n\nattempt to get argmax of an empty sequence\n",
        "Unfortunately, I was not able to answer your question, because of the following error:\n\nsingle positional indexer is out-of-bounds\n",
        "Unfortunately, I was not able to answer your question, because of the following error:\n\nattempt to get argmax of an empty sequence\n",
        "Unfortunately, I was not able to answer your question, because of the following error:\n\nsingle positional indexer is out-of-bounds\n",
        "Unfortunately, I was not able to answer your question, because of the following error:\n\nValue type <class 'pandas.core.series.Series'> must match with type number\n",
        "Unfortunately, I was not able to answer your question, because of the following error:\n\nattempt to get argmax of an empty sequence\n",
        "Unfortunately, I was not able to answer your question, because of the following error:\n\n0\n",
        "Unfortunately, I was not able to answer your question, because of the following error:\n\nNo result returned\n",
        "Unfortunately, I was not able to answer your question, because of the following error:\n\n0\n",
        "Unfortunately, I was not able to answer your question, because of the following error:\n\nattempt to get argmax of an empty sequence\n",
        "Unfortunately, I was not able to answer your question, because of the following error:\n\nsingle positional indexer is out-of-bounds\n",
        "Unfortunately, I was not able to answer your question, because of the following error:\n\n0\n",
        "Unfortunately, I was not able to answer your question, because of the following error:\n\nattempt to get argmax of an empty sequence\n",
        "Unfortunately, I was not able to answer your question, because of the following error:\n\nsingle positional indexer is out-of-bounds\n",
        "Unfortunately, I was not able to answer your question, because of the following error:\n\nsingle positional indexer is out-of-bounds\n",
        "Unfortunately, I was not able to answer your question, because of the following error:\n\nsingle positional indexer is out-of-bounds\n"
      ],
      "ground_truth_value": "E189",
      "correct_predictions": 0,
      "total_runs": 30,
      "accuracy": 0.0,
      "total_time": 959.9731388092041
    },
    "Question 6": {
      "prompt": "Who is the top user?",