{
  "evaluation_time": "2024-11-09T15:11:17.378342",
  "results": {
    "Question 1": {
      "prompt": "How many rows are there in the dataset?",
      "model_responses": [
        "2000",
        "2000",
        "2000",
        "2000",
        "2000",
        "2000",
        "2000",
        "2000",
        "2000",
        "2000",
        "2000",
        "2000",
        "2000",
        "2000",
        "2000",
        "2000",
        "2000",
        "2000",
        "2000",
        "2000",
        "2000",
        "2000",
        "2000",
        "2000",
        "2000",
        "2000",
        "2000",
        "2000",
        "2000",
        "2000"
      ],
      "ground_truth_value": 2000,
      "correct_predictions": 30,
      "total_runs": 30,
      "accuracy": 100.0,
      "total_time": 163.66824579238892
    },
    "Question 2": {
      "prompt": "How many times did the event with eventid E189 occur?",
      "model_responses": [
        "166",
        "166",
        "166",
        "166",
        "166",
        "166",
        "166",
        "166",
        "166",
        "166",
        "166",
        "166",
        "166",
        "166",
        "166",
        "166",
        "166",
        "166",
        "166",
        "166",
        "166",
        "166",
        "166",
        "2",
        "166",
        "1",
        "166",
        "166",
        "166",
        "166"
      ],
      "ground_truth_value": 166,
      "correct_predictions": 29,
      "total_runs": 30,
      "accuracy": 96.66666666666667,
      "total_time": 184.79181218147278
    },
    "Question 3": {
      "prompt": "How many times did the event E189 occur?",
      "model_responses": [
        "Unfortunately, I was not able to answer your question, because of the following error:\n\nNo code found in the response\n",
        "0",
        "0",
        "0",
        "0",
        "0",
        "0",
        "0",
        "0",
        "166",
        "0",
        "0",
        "0",
        "0",
        "0",
        "0",
        "0",
        "2",
        "0",
        "0",
        "0",
        "0",
        "166",
        "0",
        "0",
        "0",
        "2",
        "166",
        "166",
        "0"
      ],
      "ground_truth_value": 166,
      "correct_predictions": 4,
      "total_runs": 30,
      "accuracy": 13.333333333333334,
      "total_time": 267.5356514453888
    },
    "Question 4": {
      "prompt": "How many times did the event with component kernel occur?",
      "model_responses": [
        "775",
        "775",
        "775",
        "775",
        "775",
        "775",
        "775",
        "775",
        "775",
        "775",
        "775",
        "775",
        "775",
        "775",
        "775",
        "775",
        "775",
        "775",
        "775",
        "775",
        "775",
        "775",
        "775",
        "775",
        "775",
        "775",
        "775",
        "775",
        "775",
        "775"
      ],
      "ground_truth_value": 775,
      "correct_predictions": 30,
      "total_runs": 30,
      "accuracy": 100.0,
      "total_time": 180.7519302368164
    },
    "Question 5": {
      "prompt": "What is the most frequent eventid that occurred?",
      "model_responses": [
        "Unfortunately, I was not able to answer your question, because of the following error:\n\nsingle positional indexer is out-of-bounds\n",
        "Unfortunately, I was not able to answer your question, because of the following error:\n\n0\n",
        "Unfortunately, I was not able to answer your question, because of the following error:\n\nNo result returned\n",
        "Unfortunately, I was not able to answer your question, because of the following error:\n\nValue type <class 'numpy.int8'> must match with type number\n",
        "Unfortunately, I was not able to answer your question, because of the following error:\n\nValue type <class 'numpy.int8'> must match with type number\n",
        "Unfortunately, I was not able to answer your question, because of the following error:\n\nValue type <class 'numpy.int8'> must match with type number\n",
        "Unfortunately, I was not able to answer your question, because of the following error:\n\nValue type <class 'numpy.int8'> must match with type number\n",
        "Unfortunately, I was not able to answer your question, because of the following error:\n\nValue type <class 'numpy.int8'> must match with type number\n",
        "Unfortunately, I was not able to answer your question, because of the following error:\n\nValue type <class 'numpy.int8'> must match with type number\n",
        "Unfortunately, I was not able to answer your question, because of the following error:\n\nValue type <class 'numpy.int8'> must match with type number\n",
        "Unfortunately, I was not able to answer your question, because of the following error:\n\nValue type <class 'numpy.int8'> must match with type number\n",
        "Unfortunately, I was not able to answer your question, because of the following error:\n\nValue type <class 'numpy.int8'> must match with type number\n",
        "Unfortunately, I was not able to answer your question, because of the following error:\n\nValue type <class 'numpy.int8'> must match with type number\n",
        "Unfortunately, I was not able to answer your question, because of the following error:\n\nValue type <class 'numpy.int8'> must match with type number\n",
        "Unfortunately, I was not able to answer your question, because of the following error:\n\nValue type <class 'numpy.int8'> must match with type number\n",
        "Unfortunately, I was not able to answer your question, because of the following error:\n\nValue type <class 'numpy.int8'> must match with type number\n",
        "Unfortunately, I was not able to answer your question, because of the following error:\n\nValue type <class 'numpy.int8'> must match with type number\n",
        "Unfortunately, I was not able to answer your question, because of the following error:\n\nValue type <class 'numpy.int8'> must match with type number\n",
        "Unfortunately, I was not able to answer your question, because of the following error:\n\nValue type <class 'numpy.int8'> must match with type number\n",
        "Unfortunately, I was not able to answer your question, because of the following error:\n\nValue type <class 'numpy.int8'> must match with type number\n",
        "Unfortunately, I was not able to answer your question, because of the following error:\n\nValue type <class 'numpy.int8'> must match with type number\n",
        "Unfortunately, I was not able to answer your question, because of the following error:\n\nValue type <class 'numpy.int8'> must match with type number\n",
        "Unfortunately, I was not able to answer your question, because of the following error:\n\nValue type <class 'numpy.int8'> must match with type number\n",
        "Unfortunately, I was not able to answer your question, because of the following error:\n\nValue type <class 'numpy.int8'> must match with type number\n",
        "Unfortunately, I was not able to answer your question, because of the following error:\n\nValue type <class 'numpy.int8'> must match with type number\n",
        "Unfortunately, I was not able to answer your question, because of the following error:\n\nValue type <class 'numpy.int8'> must match with type number\n",
        "Unfortunately, I was not able to answer your question, because of the following error:\n\nValue type <class 'numpy.int8'> must match with type number\n",
        "Unfortunately, I was not able to answer your question, because of the following error:\n\nValue type <class 'numpy.int8'> must match with type number\n",
        "Unfortunately, I was not able to answer your question, because of the following error:\n\nValue type <class 'numpy.int8'> must match with type number\n",
