{
  "evaluation_time": "2024-11-02T18:53:21.927325",
  "results": {
    "Question 1": {
      "prompt": "How many rows are there in the dataset?",
      "model_responses": [
        "2000",
        "2000",
        "2000",
        "2000",
        "2000",
        "2000",
        "2000",
        "2000",
        "2000",
        "2000",
        "2000",
        "2000",
        "2000",
        "2000",
        "2000",
        "2000",
        "2000",
        "2000",
        "2000",
        "2000",
        "2000",
        "2000",
        "2000",
        "2000",
        "2000",
        "2000",
        "2000",
        "2000",
        "2000",
        "2000"
      ],
      "ground_truth_value": 2000,
      "correct_predictions": 30,
      "total_runs": 30,
      "accuracy": 100.0,
      "total_time": 296.03836584091187
    },
    "Question 2": {
      "prompt": "How many times did the event with eventid E29 occur?",
      "model_responses": [
        "558",
        "558",
        "558",
        "558",
        "558",
        "558",
        "558",
        "558",
        "558",
        "558",
        "558",
        "558",
        "558",
        "558",
        "558",
        "558",
        "558",
        "558",
        "558",
        "558",
        "558",
        "558",
        "558",
        "558",
        "558",
        "558",
        "558",
        "558",
        "558",
        "558"
      ],
      "ground_truth_value": 558,
      "correct_predictions": 30,
      "total_runs": 30,
      "accuracy": 100.0,
      "total_time": 366.39099740982056
    },
    "Question 3": {
      "prompt": "How many times did the event E29 occur?",
      "model_responses": [
        "0",
        "0",
        "0",
        "0",
        "0",
        "0",
        "0",
        "0",
        "0",
        "0",
        "558",
        "0",
        "0",
        "0",
        "0",
        "0",
        "0",
        "0",
        "0",
        "0",
        "0",
        "0",
        "0",
        "0",
        "0",
        "0",
        "0",
        "0",
        "0",
        "0"
      ],
      "ground_truth_value": 558,
      "correct_predictions": 1,
      "total_runs": 30,
      "accuracy": 3.3333333333333335,
      "total_time": 353.2199139595032
    },
    "Question 4": {
      "prompt": "How many times did the event with component CBS occur?",
      "model_responses": [
        "1973",
        "1973",
        "1973",
        "1973",
        "1973",
        "1973",
        "1973",
        "1973",
        "1973",
        "1973",
        "1973",
        "1973",
        "1973",
        "1973",
        "1973",
        "1973",
        "1973",
        "1973",
        "1973",
        "1973",
        "1973",
        "1973",
        "1973",
        "1973",
        "1973",
        "1973",
        "1973",
        "1973",
        "1973",
        "1973"
      ],
      "ground_truth_value": 1973,
      "correct_predictions": 30,
      "total_runs": 30,
      "accuracy": 100.0,
      "total_time": 348.44426441192627
    },
    "Question 5": {
      "prompt": "What is the most frequent eventid that occurred?",
      "model_responses": [
        "The most frequent EventId is E36.",
        "The most frequent EventId is E36.",
        "The most frequent eventid is E36.",
        "The most frequent EventId is E36.",
        "The most frequent EventId is E36.",
        "The most frequent EventId is E36.",
        "The most frequent EventId is E36.",
        "The most frequent EventId is E36.",
        "The most frequent EventId is E36.",
        "The most frequent EventId is E36.",
        "The most frequent EventId is E36.",
        "The most frequent eventid is E36.",
        "The most frequent EventId is E36.",
        "The most frequent EventId is E36.",
        "The most frequent EventId is E36.",
        "The most frequent EventId is E36.",
        "The most frequent EventId is E36.",
        "The most frequent EventId is E36.",
        "The most frequent eventid is E36.",
        "The most frequent EventId is E36.",
        "The most frequent EventId is E36.",
        "The most frequent EventId is E36.",
        "The most frequent EventId is E36.",
        "The most frequent EventId is E36.",
        "The most frequent EventId is E36.",
        "The most frequent EventId is E36.",
        "The most frequent EventId is E36.",
        "The most frequent EventId is E36.",
        "The most frequent EventId is E36.",
        "The most frequent EventId is E36."
      ],
      "ground_truth_value": "E36",
      "correct_predictions": 30,
      "total_runs": 30,
      "accuracy": 100.0,
      "total_time": 381.9650094509125
    },
    "Question 6": {
      "prompt": "What is the total number of errors and warnings are recorded in this log?",
      "model_responses": [
        "2000",
        "2000",
        "2000",
        "2000",
        "2000",
        "2000",
        "2000",
        "2000",
        "2000",
        "2000",
        "2000",
        "284",
        "2000",
        "2000",
        "2000",
        "2000",
        "2000",
        "2",
        "2000",
        "2000",
        "2000",
        "2000",
        "2000",
        "2000",
        "2000",
        "2000",
        "2000",
        "2000",
        "2000",
        "2000"
      ],
      "ground_truth_value": 284,
      "correct_predictions": 1,
      "total_runs": 30,
      "accuracy": 3.3333333333333335,
      "total_time": 357.08164167404175
    },
    "Question 7": {
      "prompt": "Who is the top EventTemplate?",
      "model_responses": [
        "Session: <*>_<*> initialized by client WindowsUpdateAgent.",
        "Session: <*>_<*> initialized by client WindowsUpdateAgent.",
        "Session: <*>_<*> initialized by client WindowsUpdateAgent.",
        "Session: <*>_<*> initialized by client WindowsUpdateAgent.",
        "Session: <*>_<*> initialized by client WindowsUpdateAgent.",
        "Session: <*>_<*> initialized by client WindowsUpdateAgent.",
        "Session: <*>_<*> initialized by client WindowsUpdateAgent.",
        "Session: <*>_<*> initialized by client WindowsUpdateAgent.",
        "Session: <*>_<*> initialized by client WindowsUpdateAgent.",
        "Session: <*>_<*> initialized by client WindowsUpdateAgent.",
        "Session: <*>_<*> initialized by client WindowsUpdateAgent.",
        "Session: <*>_<*> initialized by client WindowsUpdateAgent.",
        "Session: <*>_<*> initialized by client WindowsUpdateAgent.",
        "Session: <*>_<*> initialized by client WindowsUpdateAgent.",
        "Session: <*>_<*> initialized by client WindowsUpdateAgent.",
        "Session: <*>_<*> initialized by client WindowsUpdateAgent.",
        "Session: <*>_<*> initialized by client WindowsUpdateAgent.",
        "Session: <*>_<*> initialized by client WindowsUpdateAgent.",
        "Session: <*>_<*> initialized by client WindowsUpdateAgent.",
        "Session: <*>_<*> initialized by client WindowsUpdateAgent.",
        "Session: <*>_<*> initialized by client WindowsUpdateAgent.",
        "Session: <*>_<*> initialized by client WindowsUpdateAgent.",
        "Session: <*>_<*> initialized by client WindowsUpdateAgent.",
        "Session: <*>_<*> initialized by client WindowsUpdateAgent.",
        "Session: <*>_<*> initialized by client WindowsUpdateAgent.",
        "Session: <*>_<*> initialized by client WindowsUpdateAgent.",
        "Session: <*>_<*> initialized by client WindowsUpdateAgent.",
        "Session: <*>_<*> initialized by client WindowsUpdateAgent.",
        "Session: <*>_<*> initialized by client WindowsUpdateAgent.",
        "Session: <*>_<*> initialized by client WindowsUpdateAgent."
      ],
      "ground_truth_value": "Session: <*>_<*> initialized by client WindowsUpdateAgent.",
      "correct_predictions": 30,
      "total_runs": 30,
      "accuracy": 100.0,
      "total_time": 380.7083914279938
    },
    "Question 8": {
      "prompt": "How many missing values are there in Content?",