{
  "evaluation_time": "2024-11-07T12:15:14.951154",
  "results": {
    "Question 1": {
      "prompt": "How many rows are there in the dataset?",
      "model_responses": [
        "2000",
        "2000",
        "2000",
        "2000",
        "2000",
        "2000",
        "2000",
        "2000",
        "2000",
        "2000",
        "2000",
        "2000",
        "2000",
        "2000",
        "2000",
        "2000",
        "2000",
        "2000",
        "2000",
        "2000",
        "2000",
        "2000",
        "2000",
        "2000",
        "2000",
        "2000",
        "2000",
        "2000",
        "2000",
        "2000"
      ],
      "ground_truth_value": 2000,
      "correct_predictions": 30,
      "total_runs": 30,
      "accuracy": 100.0,
      "total_time": 126.93814945220947
    },
    "Question 2": {
      "prompt": "How many times did the event with eventid E189 occur?",
      "model_responses": [
        "166",
        "166",
        "166",
        "166",
        "166",
        "166",
        "166",
        "166",
        "166",
        "166",
        "166",
        "166",
        "166",
        "166",
        "166",
        "166",
        "166",
        "166",
        "166",
        "166",
        "166",
        "166",
        "166",
        "166",
        "166",
        "166",
        "166",
        "166",
        "166",
        "166"
      ],
      "ground_truth_value": 166,
      "correct_predictions": 30,
      "total_runs": 30,
      "accuracy": 100.0,
      "total_time": 136.19699025154114
    },
    "Question 3": {
      "prompt": "How many times did the event E189 occur?",
      "model_responses": [
        "166",
        "166",
        "166",
        "166",
        "166",
        "166",
        "166",
        "166",
        "166",
        "166",
        "166",
        "166",
        "166",
        "166",
        "166",
        "166",
        "166",
        "166",
        "166",
        "1",
        "166",
        "166",
        "166",
        "166",
        "166",
        "166",
        "166",
        "166",
        "166",
        "166"
      ],
      "ground_truth_value": 166,
      "correct_predictions": 29,
      "total_runs": 30,
      "accuracy": 96.66666666666667,
      "total_time": 135.570494890213
    },
    "Question 4": {
      "prompt": "How many times did the event with component kernel occur?",
      "model_responses": [
        "775",
        "775",
        "775",
        "775",
        "775",
        "775",
        "775",
        "775",
        "775",
        "775",
        "775",
        "775",
        "775",
        "775",
        "775",
        "775",
        "775",
        "775",
        "775",
        "775",
        "775",
        "775",
        "775",
        "775",
        "775",
        "775",
        "775",
        "775",
        "775",
        "775"
      ],
      "ground_truth_value": 775,
      "correct_predictions": 30,
      "total_runs": 30,
      "accuracy": 100.0,
      "total_time": 135.30465841293335
    },
    "Question 5": {
      "prompt": "What is the most frequent eventid that occurred?",
      "model_responses": [
        "The most frequent eventid is E189",
        "The most frequent eventid is E189",
        "The most frequent eventid is E189",
        "The most frequent eventid is E189",
        "The most frequent eventid is E189",
        "The most frequent eventid is E189",
        "The most frequent eventid is E189",
        "The most frequent eventid is E189",
        "The most frequent eventid is E189",
        "The most frequent eventid is E189",
        "The most frequent eventid is E189",
        "The most frequent eventid is E189",
        "The most frequent eventid is E189",
        "The most frequent eventid is E189",
        "The most frequent eventid is E189",
        "The most frequent eventid is E189",
        "The most frequent eventid is E189",
        "The most frequent eventid is E189",
        "The most frequent eventid is E189",
        "The most frequent eventid is E189",
        "The most frequent eventid is E189",
        "The most frequent eventid is E189",
        "The most frequent eventid is E189",
        "The most frequent eventid is E189",
        "The most frequent eventid is E189",
        "The most frequent eventid is E189",
        "The most frequent eventid is E189",
        "The most frequent eventid is E189",
        "The most frequent eventid is E189",
        "The most frequent eventid is E189"
      ],
      "ground_truth_value": "E189",
      "correct_predictions": 30,
      "total_runs": 30,
      "accuracy": 100.0,
      "total_time": 135.53406500816345
    },
    "Question 6": {
      "prompt": "What is the total number of errors and warnings are recorded in this log?",
      "model_responses": [
        "1946",
        "12",
        "191",
        "663",
        "663",
        "12",
        "12",
        "2000",
        "663",
        "191",
        "12",
        "12",
        "12",
        "12",
        "191",
        "2000",
        "191",
        "12",
        "191",
        "191",
        "191",
        "663",
        "191",
        "12",
        "1946",
        "191",
        "191",
        "12",
        "191",
        "12"
      ],
      "ground_truth_value": 191,
      "correct_predictions": 11,
      "total_runs": 30,
      "accuracy": 36.666666666666664,
      "total_time": 140.13717079162598
    },
    "Question 7": {
      "prompt": "Who is the top user?",
      "model_responses": [
        "authorMacBook-Pro",
        "authorMacBook-Pro",
        "authorMacBook-Pro",
        "authorMacBook-Pro",
        "authorMacBook-Pro",
        "authorMacBook-Pro",
        "authorMacBook-Pro",
        "authorMacBook-Pro",
        "authorMacBook-Pro",
        "authorMacBook-Pro",
        "authorMacBook-Pro",
        "authorMacBook-Pro",
        "authorMacBook-Pro",
        "authorMacBook-Pro",
        "authorMacBook-Pro",
        "authorMacBook-Pro",
        "authorMacBook-Pro",
        "authorMacBook-Pro",
        "authorMacBook-Pro",
        "authorMacBook-Pro",
        "authorMacBook-Pro",
        "authorMacBook-Pro",
        "authorMacBook-Pro",
        "authorMacBook-Pro",
        "authorMacBook-Pro",
        "authorMacBook-Pro",
        "authorMacBook-Pro",
        "authorMacBook-Pro",
        "authorMacBook-Pro",
        "authorMacBook-Pro"
      ],
      "ground_truth_value": "authorMacBook-Pro",
      "correct_predictions": 30,
      "total_runs": 30,
      "accuracy": 100.0,
      "total_time": 128.1912407875061
    },
    "Question 8": {
      "prompt": "How many missing values are there in Address?",
      "model_responses": [
        "1946",
        "1946",
        "1946",
        "1946",
        "1946",
        "1946",
        "1946",
        "1946",
        "1946",
        "1946",
        "1946",
        "1946",
        "1946",
        "1946",
        "1946",
        "1946",
        "1946",
        "1946",
        "1946",
        "1946",
        "1946",
        "1946",
        "1946",
        "1946",
        "1946",
        "1946",
        "1946",
        "1946",
        "1946",
        "1946"
      ],
      "ground_truth_value": 1946,
      "correct_predictions": 30,
      "total_runs": 30,
      "accuracy": 100.0,
      "total_time": 131.4307563304901
    },
    "Question 9": {
      "prompt": "How many times did the event with component kernel occur?",
      "model_responses": [
        "775",
        "775",
        "775",
        "775",
        "775",
        "775",
        "775",
        "775",
        "775",
        "775",
        "775",
        "775",
        "775",
        "775",
        "775",
        "775",
        "775",
        "775",
        "775",
        "775",
        "775",
        "775",
        "775",
        "775",
        "775",
        "775",
        "775",
        "775",
        "775",
        "775"
      ],
      "ground_truth_value": 775,
      "correct_predictions": 30,