{
  "evaluation_time": "2024-10-30T16:03:05.522832",
  "results": {
    "Question 1": {
      "prompt": "How many rows are there in the dataset?",
      "model_responses": [
        "2000",
        "2000",
        "2000",
        "2000",
        "2000",
        "2000",
        "2000",
        "2000",
        "2000",
        "2000",
        "2000",
        "2000",
        "2000",
        "2000",
        "2000",
        "2000",
        "2000",
        "2000",
        "2000",
        "2000",
        "2000",
        "2000",
        "2000",
        "2000",
        "2000",
        "2000",
        "2000",
        "2000",
        "2000",
        "2000"
      ],
      "ground_truth_value": 2000,
      "correct_predictions": 30,
      "total_runs": 30,
      "accuracy": 100.0,
      "total_time": 119.53664588928223
    },
    "Question 2": {
      "prompt": "How many times did the event with eventid E189 occur?",
      "model_responses": [
        "166",
        "Unfortunately, I was not able to answer your question, because of the following error:\n\nNo code found in the response\n",
        "166",
        "166",
        "166",
        "166",
        "166",
        "166",
        "166",
        "166",
        "166",
        "166",
        "166",
        "166",
        "166",
        "166",
        "166",
        "166",
        "166",
        "166",
        "166",
        "166",
        "166",
        "166",
        "166",
        "166",
        "166",
        "166",
        "166",
        "166"
      ],
      "ground_truth_value": 166,
      "correct_predictions": 29,
      "total_runs": 30,
      "accuracy": 96.66666666666667,
      "total_time": 135.97414422035217
    },
    "Question 3": {
      "prompt": "How many times did the event E189 occur?",
      "model_responses": [
        "166",
        "166",
        "166",
        "166",
        "166",
        "166",
        "166",
        "166",
        "166",
        "166",
        "166",
        "166",
        "166",
        "166",
        "166",
        "166",
        "166",
        "166",
        "166",
        "166",
        "166",
        "166",
        "166",
        "166",
        "166",
        "166",
        "166",
        "166",
        "166",
        "166"
      ],
      "ground_truth_value": 166,
      "correct_predictions": 30,
      "total_runs": 30,
      "accuracy": 100.0,
      "total_time": 125.61514711380005
    },
    "Question 4": {
      "prompt": "How many times did the event with component kernel occur?",
      "model_responses": [
        "775",
        "775",
        "775",
        "775",
        "775",
        "775",
        "775",
        "775",
        "775",
        "775",
        "775",
        "775",
        "775",
        "775",
        "775",
        "775",
        "775",
        "775",
        "775",
        "775",
        "775",
        "775",
        "775",
        "775",
        "775",
        "775",
        "775",
        "775",
        "775",
        "775"
      ],
      "ground_truth_value": 775,
      "correct_predictions": 30,
      "total_runs": 30,
      "accuracy": 100.0,
      "total_time": 126.66432547569275
    },
    "Question 5": {
      "prompt": "What is the most frequent eventid that occurred?",
      "model_responses": [
        "The most frequent eventid is E189.",
        "The most frequent eventid is E189.",
        "Unfortunately, I was not able to answer your question, because of the following error:\n\nUnable to parse string \"E252\" at position 0\n",
        "Unfortunately, I was not able to answer your question, because of the following error:\n\nsingle positional indexer is out-of-bounds\n",
        "Unfortunately, I was not able to answer your question, because of the following error:\n\nsingle positional indexer is out-of-bounds\n",
        "Unfortunately, I was not able to answer your question, because of the following error:\n\nNo code found in the response\n",
        "Unfortunately, I was not able to answer your question, because of the following error:\n\nNo code found in the response\n",
        "Unfortunately, I was not able to answer your question, because of the following error:\n\n0\n",
        "Unfortunately, I was not able to answer your question, because of the following error:\n\nsingle positional indexer is out-of-bounds\n",
        "Unfortunately, I was not able to answer your question, because of the following error:\n\nsingle positional indexer is out-of-bounds\n",
        "Unfortunately, I was not able to answer your question, because of the following error:\n\nsingle positional indexer is out-of-bounds\n",
        "Unfortunately, I was not able to answer your question, because of the following error:\n\n0\n",
        "Unfortunately, I was not able to answer your question, because of the following error:\n\nNo code found in the response\n",
        "Unfortunately, I was not able to answer your question, because of the following error:\n\nNo code found in the response\n",
        "Unfortunately, I was not able to answer your question, because of the following error:\n\n0\n",
        "Unfortunately, I was not able to answer your question, because of the following error:\n\nNo code found in the response\n",
        "Unfortunately, I was not able to answer your question, because of the following error:\n\nNo code found in the response\n",
        "Unfortunately, I was not able to answer your question, because of the following error:\n\nNo code found in the response\n",
        "Unfortunately, I was not able to answer your question, because of the following error:\n\nsingle positional indexer is out-of-bounds\n",
        "Unfortunately, I was not able to answer your question, because of the following error:\n\nsingle positional indexer is out-of-bounds\n",
        "Unfortunately, I was not able to answer your question, because of the following error:\n\nNo code found in the response\n",
        "Unfortunately, I was not able to answer your question, because of the following error:\n\nsingle positional indexer is out-of-bounds\n",
        "Unfortunately, I was not able to answer your question, because of the following error:\n\nNo code found in the response\n",
        "Unfortunately, I was not able to answer your question, because of the following error:\n\nNo code found in the response\n",
        "Unfortunately, I was not able to answer your question, because of the following error:\n\nsingle positional indexer is out-of-bounds\n",
        "Unfortunately, I was not able to answer your question, because of the following error:\n\nsingle positional indexer is out-of-bounds\n",
        "Unfortunately, I was not able to answer your question, because of the following error:\n\nsingle positional indexer is out-of-bounds\n",
        "Unfortunately, I was not able to answer your question, because of the following error:\n\nsingle positional indexer is out-of-bounds\n",
        "Unfortunately, I was not able to answer your question, because of the following error:\n\nsingle positional indexer is out-of-bounds\n",
        "Unfortunately, I was not able to answer your question, because of the following error:\n\nsingle positional indexer is out-of-bounds\n"
      ],
      "ground_truth_value": "E189",
      "correct_predictions": 2,
      "total_runs": 30,
      "accuracy": 6.666666666666667,
      "total_time": 967.4278140068054
    },
    "Question 6": {
      "prompt": "What is the total number of errors and warnings are recorded in this log?",
      "model_responses": [
        "12",
        "131",
        "12",
        "12",
        "12",
        "12",
        "191",
        "12",
        "12",
        "12",
        "12",
        "191",
        "12",
        "12",
        "12",
        "191",
        "12",
        "191",
        "191",
        "191",
        "191",
        "12",
        "12",
        "191",
        "12",
        "191",
        "12",
        "12",
        "191",
        "191"
      ],