{
  "evaluation_time": "2024-10-31T12:16:05.334468",
  "results": {
    "Question 1": {
      "prompt": "How many rows are there in the dataset?",
      "model_responses": [
        "2000",
        "2000",
        "2000",
        "2000",
        "2000",
        "2000",
        "2000",
        "2000",
        "2000",
        "2000",
        "2000",
        "2000",
        "2000",
        "2000",
        "2000",
        "2000",
        "2000",
        "2000",
        "2000",
        "2000",
        "2000",
        "2000",
        "2000",
        "2000",
        "2000",
        "2000",
        "2000",
        "2000",
        "2000",
        "2000"
      ],
      "ground_truth_value": 2000,
      "correct_predictions": 30,
      "total_runs": 30,
      "accuracy": 100.0,
      "total_time": 114.79568982124329
    },
    "Question 2": {
      "prompt": "How many times did the event with eventid E189 occur?",
      "model_responses": [
        "166",
        "166",
        "166",
        "166",
        "166",
        "166",
        "166",
        "166",
        "166",
        "166",
        "166",
        "166",
        "166",
        "166",
        "166",
        "166",
        "166",
        "166",
        "166",
        "166",
        "166",
        "166",
        "166",
        "166",
        "166",
        "166",
        "166",
        "166",
        "166",
        "166"
      ],
      "ground_truth_value": 166,
      "correct_predictions": 30,
      "total_runs": 30,
      "accuracy": 100.0,
      "total_time": 135.27751231193542
    },
    "Question 3": {
      "prompt": "How many times did the event E189 occur?",
      "model_responses": [
        "166",
        "166",
        "166",
        "166",
        "166",
        "166",
        "166",
        "166",
        "166",
        "166",
        "166",
        "166",
        "166",
        "166",
        "166",
        "166",
        "166",
        "166",
        "166",
        "166",
        "166",
        "166",
        "166",
        "166",
        "166",
        "166",
        "166",
        "166",
        "166",
        "166"
      ],
      "ground_truth_value": 166,
      "correct_predictions": 30,
      "total_runs": 30,
      "accuracy": 100.0,
      "total_time": 125.21458888053894
    },
    "Question 4": {
      "prompt": "How many times did the event with component kernel occur?",
      "model_responses": [
        "775",
        "775",
        "775",
        "775",
        "775",
        "775",
        "775",
        "775",
        "775",
        "775",
        "775",
        "775",
        "775",
        "775",
        "775",
        "775",
        "775",
        "775",
        "775",
        "775",
        "775",
        "775",
        "775",
        "775",
        "775",
        "775",
        "775",
        "775",
        "775",
        "775"
      ],
      "ground_truth_value": 775,
      "correct_predictions": 30,
      "total_runs": 30,
      "accuracy": 100.0,
      "total_time": 127.13527989387512
    },
    "Question 5": {
      "prompt": "What is the most frequent eventid that occurred?",
      "model_responses": [
        "Unfortunately, I was not able to answer your question, because of the following error:\n\nNo code found in the response\n",
        "The most frequent eventid is E189.",
        "The most frequent eventid is E189.",
        "The most frequent EventId is E189.",
        "The most frequent eventid is E189.",
        "Unfortunately, I was not able to answer your question, because of the following error:\n\nNo code found in the response\n",
        "The most frequent eventid is E189.",
        "Unfortunately, I was not able to answer your question, because of the following error:\n\nNo code found in the response\n",
        "Unfortunately, I was not able to answer your question, because of the following error:\n\nNo code found in the response\n",
        "Unfortunately, I was not able to answer your question, because of the following error:\n\nsingle positional indexer is out-of-bounds\n",
        "Unfortunately, I was not able to answer your question, because of the following error:\n\nNo code found in the response\n",
        "Unfortunately, I was not able to answer your question, because of the following error:\n\n0\n",
        "Unfortunately, I was not able to answer your question, because of the following error:\n\nNo code found in the response\n",
        "Unfortunately, I was not able to answer your question, because of the following error:\n\nsingle positional indexer is out-of-bounds\n",
        "Unfortunately, I was not able to answer your question, because of the following error:\n\nsingle positional indexer is out-of-bounds\n",
        "Unfortunately, I was not able to answer your question, because of the following error:\n\nsingle positional indexer is out-of-bounds\n",
        "Unfortunately, I was not able to answer your question, because of the following error:\n\nNo code found in the response\n",
        "Unfortunately, I was not able to answer your question, because of the following error:\n\n0\n",
        "Empty DataFrame\nColumns: [EventId]\nIndex: []",
        "Unfortunately, I was not able to answer your question, because of the following error:\n\nsingle positional indexer is out-of-bounds\n",
        "Unfortunately, I was not able to answer your question, because of the following error:\n\nNo code found in the response\n",
        "Unfortunately, I was not able to answer your question, because of the following error:\n\nsingle positional indexer is out-of-bounds\n",
        "Unfortunately, I was not able to answer your question, because of the following error:\n\nsingle positional indexer is out-of-bounds\n",
        "Unfortunately, I was not able to answer your question, because of the following error:\n\nNo code found in the response\n",
        "Unfortunately, I was not able to answer your question, because of the following error:\n\nsingle positional indexer is out-of-bounds\n",
        "Unfortunately, I was not able to answer your question, because of the following error:\n\nsingle positional indexer is out-of-bounds\n",
        "Unfortunately, I was not able to answer your question, because of the following error:\n\nsingle positional indexer is out-of-bounds\n",
        "Unfortunately, I was not able to answer your question, because of the following error:\n\nNo code found in the response\n",
        "Unfortunately, I was not able to answer your question, because of the following error:\n\nsingle positional indexer is out-of-bounds\n",
        "Unfortunately, I was not able to answer your question, because of the following error:\n\nsingle positional indexer is out-of-bounds\n"
      ],
      "ground_truth_value": "E189",
      "correct_predictions": 5,
      "total_runs": 30,
      "accuracy": 16.666666666666664,
      "total_time": 937.4790456295013
    },
    "Question 6": {
      "prompt": "What is the total number of errors and warnings are recorded in this log?",
      "model_responses": [
        "12",
        "191",
        "191",
        "12",
        "191",
        "12",
        "191",
        "12",
        "12",
        "191",
        "12",
        "12",
        "12",
        "12",
        "191",
        "79",
        "79",
        "12",
        "12",
        "12",
        "191",
        "191",
        "12",
        "12",
        "12",
        "12",
        "12",
        "12",
        "12",
        "12"
      ],
      "ground_truth_value": 191,
      "correct_predictions": 8,
      "total_runs": 30,
      "accuracy": 26.666666666666668,
      "total_time": 135.03513169288635
    },
    "Question 7": {
      "prompt": "Who is the top user?",