{
  "evaluation_time": "2024-10-22T18:51:16.566359",
  "results": {
    "E189": {
      "prompt": "How many times did the event with eventid E189 occur?",
      "model_responses": [
        "2",
        "166",
        "2000",
        "166",
        "166",
        "166",
        "166",
        "166",
        "166",
        "166",
        "166",
        "166",
        "166",
        "166",
        "2000",
        "166",
        "2000",
        "166",
        "166",
        "166",
        "166",
        "166",
        "166",
        "166",
        "166",
        "2000",
        "166",
        "2000",
        "166",
        "2000"
      ],
      "ground_truth_value": 166,
      "correct_predictions": 23,
      "total_runs": 30,
      "accuracy": 76.66666666666667,
      "total_time": 734.7492191791534
    },
    "E188": {
      "prompt": "How many times did the event with eventid E188 occur?",
      "model_responses": [
        "71",
        "71",
        "71",
        "71",
        "2000",
        "71",
        "2000",
        "71",
        "71",
        "71",
        "71",
        "71",
        "2",
        "71",
        "71",
        "71",
        "71",
        "71",
        "71",
        "71",
        "71",
        "71",
        "71",
        "71",
        "2",
        "71",
        "71",
        "71",
        "2000",
        "71"
      ],
      "ground_truth_value": 71,
      "correct_predictions": 25,
      "total_runs": 30,
      "accuracy": 83.33333333333334,
      "total_time": 723.2998411655426
    },
    "overall": {
      "correct_predictions": 48,
      "total_runs": 60,
      "accuracy": 80.0,
      "total_time": 1458.049060344696
    }
  }
}