{
  "evaluation_time": "2024-11-09T17:19:51.721042",
  "results": {
    "Question 1": {
      "prompt": "How many rows are there in the dataset?",
      "model_responses": [
        "2000",
        "2000",
        "2000",
        "2000",
        "2000",
        "2000",
        "2000",
        "2000",
        "2000",
        "2000",
        "2000",
        "2000",
        "2000",
        "2000",
        "2000",
        "2000",
        "2000",
        "2000",
        "2000",
        "2000",
        "2000",
        "2000",
        "2000",
        "2000",
        "2000",
        "2000",
        "2000",
        "2000",
        "2000",
        "2000"
      ],
      "ground_truth_value": 2000,
      "correct_predictions": 30,
      "total_runs": 30,
      "accuracy": 100.0,
      "total_time": 171.98774886131287
    },
    "Question 2": {
      "prompt": "How many times did the event with eventid E29 occur?",
      "model_responses": [
        "558",
        "558",
        "558",
        "558",
        "558",
        "558",
        "558",
        "558",
        "558",
        "558",
        "558",
        "558",
        "558",
        "558",
        "1",
        "558",
        "558",
        "2",
        "558",
        "558",
        "558",
        "558",
        "558",
        "558",
        "558",
        "558",
        "558",
        "558",
        "558",
        "558"
      ],
      "ground_truth_value": 558,
      "correct_predictions": 28,
      "total_runs": 30,
      "accuracy": 93.33333333333333,
      "total_time": 201.08833408355713
    },
    "Question 3": {
      "prompt": "How many times did the event E29 occur?",
      "model_responses": [
        "558",
        "558",
        "558",
        "558",
        "558",
        "558",
        "558",
        "558",
        "558",
        "558",
        "558",
        "558",
        "558",
        "558",
        "558",
        "558",
        "558",
        "558",
        "558",
        "558",
        "558",
        "558",
        "558",
        "558",
        "558",
        "558",
        "558",
        "558",
        "558",
        "558"
      ],
      "ground_truth_value": 558,
      "correct_predictions": 30,
      "total_runs": 30,
      "accuracy": 100.0,
      "total_time": 181.11538290977478
    },
    "Question 4": {
      "prompt": "How many times did the event with component CBS occur?",
      "model_responses": [
        "1973",
        "1973",
        "1973",
        "1973",
        "1973",
        "1973",
        "1973",
        "1973",
        "1973",
        "1973",
        "1973",
        "1973",
        "1973",
        "1973",
        "1973",
        "1973",
        "1973",
        "1973",
        "1973",
        "1973",
        "1973",
        "1973",
        "1973",
        "1973",
        "1973",
        "1973",
        "1973",
        "1973",
        "1973",
        "1973"
      ],
      "ground_truth_value": 1973,
      "correct_predictions": 30,
      "total_runs": 30,
      "accuracy": 100.0,
      "total_time": 185.18864941596985
    },
    "Question 5": {
      "prompt": "What is the most frequent eventid that occurred?",
      "model_responses": [
        "36",
        "36",
        "36",
        "36",
        "36",
        "36",
        "36",
        "36",
        "36",
        "36",
        "36",
        "36",
        "36",
        "36",
        "36",
        "36",
        "36",
        "36",
        "36",
        "36",
        "36",
        "36",
        "36",
        "36",
        "36",
        "36",
        "36",
        "36",
        "36",
        "36"
      ],
      "ground_truth_value": "E36",
      "correct_predictions": 30,
      "total_runs": 30,
      "accuracy": 100.0,
      "total_time": 228.52769899368286
    },
    "Question 6": {
      "prompt": "What is the number of errors recorded?",
      "model_responses": [
        "2",
        "2",
        "2",
        "2",
        "2",
        "2",
        "2",
        "1",
        "2",
        "0",
        "2",
        "2",
        "1",
        "66.0",
        "0",
        "2",
        "2",
        "0",
        "0",
        "2",
        "2",
        "2",
        "2",
        "0",
        "2",
        "2",
        "2",
        "2",
        "0",
        "2"
      ],
      "ground_truth_value": 2,
      "correct_predictions": 21,
      "total_runs": 30,
      "accuracy": 70.0,
      "total_time": 241.8759524822235
    },
    "Question 7": {
      "prompt": "What is the number of warnings recorded?",
      "model_responses": [
        "0",
        "282",
        "0",
        "0",
        "0",
        "0",
        "0",
        "0",
        "0",
        "0",
        "0",
        "0",
        "282",
        "0",
        "0",
        "0",
        "0",
        "0",
        "0",
        "0",
        "0",
        "0",
        "0",
        "0",
        "282",
        "0",
        "0",
        "0",
        "0",
        "0"
      ],
      "ground_truth_value": 282,
      "correct_predictions": 3,
      "total_runs": 30,
      "accuracy": 10.0,
      "total_time": 186.41320896148682
    },
    "Question 8": {
      "prompt": "Who is the top EventTemplate?",
      "model_responses": [
        "The top EventTemplate is Session: <*>_<*> initialized by client WindowsUpdateAgent.",
        "The top EventTemplate is Session: <*>_<*> initialized by client WindowsUpdateAgent.",
        "The top EventTemplate is Session: <*>_<*> initialized by client WindowsUpdateAgent.",
        "The top EventTemplate is Session: <*>_<*> initialized by client WindowsUpdateAgent.",
        "The top EventTemplate is Session: <*>_<*> initialized by client WindowsUpdateAgent.",
        "The top EventTemplate is Session: <*>_<*> initialized by client WindowsUpdateAgent.",
        "Session: <*>_<*> initialized by client WindowsUpdateAgent.",
        "The top EventTemplate is Session: <*>_<*> initialized by client WindowsUpdateAgent.",
        "The top EventTemplate is Session: <*>_<*> initialized by client WindowsUpdateAgent.",
        "The top EventTemplate is Session: <*>_<*> initialized by client WindowsUpdateAgent.",
        "The top EventTemplate is Session: <*>_<*> initialized by client WindowsUpdateAgent.",
        "The top EventTemplate is Session: <*>_<*> initialized by client WindowsUpdateAgent.",
        "The top EventTemplate is Session: <*>_<*> initialized by client WindowsUpdateAgent.",
        "The top EventTemplate is Session: <*>_<*> initialized by client WindowsUpdateAgent.",
        "The top EventTemplate is Session: <*>_<*> initialized by client WindowsUpdateAgent.",
        "The top EventTemplate is Session: <*>_<*> initialized by client WindowsUpdateAgent.",
        "The top EventTemplate is Session: <*>_<*> initialized by client WindowsUpdateAgent.",
        "The top EventTemplate is Session: <*>_<*> initialized by client WindowsUpdateAgent.",
        "The top EventTemplate is Session: <*>_<*> initialized by client WindowsUpdateAgent.",
        "The top EventTemplate is Session: <*>_<*> initialized by client WindowsUpdateAgent.",
        "The top EventTemplate is Session: <*>_<*> initialized by client WindowsUpdateAgent.",
        "The top EventTemplate is Session: <*>_<*> initialized by client WindowsUpdateAgent.",
        "The top EventTemplate is Session: <*>_<*> initialized by client WindowsUpdateAgent.",
        "The top EventTemplate is Session: <*>_<*> initialized by client WindowsUpdateAgent.",
        "The top EventTemplate is Session: <*>_<*> initialized by client WindowsUpdateAgent.",
        "The top EventTemplate is Session: <*>_<*> initialized by client WindowsUpdateAgent.",
        "The top EventTemplate is Session: <*>_<*> initialized by client WindowsUpdateAgent.",
        "Session: <*>_<*> initialized by client WindowsUpdateAgent.",
        "Session: <*>_<*> initialized by client WindowsUpdateAgent.",
        "The top EventTemplate is Session: <*>_<*> initialized by client WindowsUpdateAgent."
      ],