{
  "evaluation_time": "2024-11-09T11:47:47.492127",
  "results": {
    "Question 1": {
      "prompt": "How many rows are there in the dataset?",
      "model_responses": [
        "2000",
        "2000",
        "2000",
        "2000",
        "2000",
        "2000",
        "2000",
        "2000",
        "2000",
        "2000",
        "2000",
        "2000",
        "2000",
        "2000",
        "2000",
        "2000",
        "2000",
        "2000",
        "2000",
        "2000",
        "2000",
        "2000",
        "2000",
        "2000",
        "2000",
        "2000",
        "2000",
        "2000",
        "2000",
        "2000"
      ],
      "ground_truth_value": 2000,
      "correct_predictions": 30,
      "total_runs": 30,
      "accuracy": 100.0,
      "total_time": 151.5893075466156
    },
    "Question 2": {
      "prompt": "How many times did the event with eventid E189 occur?",
      "model_responses": [
        "166",
        "166",
        "166",
        "166",
        "166",
        "166",
        "166",
        "166",
        "166",
        "166",
        "166",
        "166",
        "166",
        "166",
        "166",
        "166",
        "166",
        "166",
        "166",
        "166",
        "166",
        "1",
        "166",
        "166",
        "166",
        "166",
        "166",
        "166",
        "166",
        "166"
      ],
      "ground_truth_value": 166,
      "correct_predictions": 29,
      "total_runs": 30,
      "accuracy": 96.66666666666667,
      "total_time": 166.39710903167725
    },
    "Question 3": {
      "prompt": "How many times did the event E189 occur?",
      "model_responses": [
        "166",
        "166",
        "166",
        "166",
        "166",
        "166",
        "166",
        "166",
        "166",
        "166",
        "166",
        "166",
        "166",
        "166",
        "166",
        "166",
        "166",
        "166",
        "166",
        "6",
        "166",
        "166",
        "166",
        "166",
        "166",
        "166",
        "166",
        "166",
        "166",
        "166"
      ],
      "ground_truth_value": 166,
      "correct_predictions": 29,
      "total_runs": 30,
      "accuracy": 96.66666666666667,
      "total_time": 169.2294909954071
    },
    "Question 4": {
      "prompt": "How many times did the event with component kernel occur?",
      "model_responses": [
        "775",
        "775",
        "775",
        "775",
        "775",
        "775",
        "775",
        "775",
        "775",
        "775",
        "775",
        "775",
        "775",
        "775",
        "775",
        "775",
        "775",
        "775",
        "775",
        "775",
        "775",
        "775",
        "775",
        "775",
        "775",
        "775",
        "775",
        "775",
        "775",
        "775"
      ],
      "ground_truth_value": 775,
      "correct_predictions": 30,
      "total_runs": 30,
      "accuracy": 100.0,
      "total_time": 177.87898063659668
    },
    "Question 5": {
      "prompt": "What is the most frequent eventid that occurred?",
      "model_responses": [
        "189",
        "189",
        "Unfortunately, I was not able to answer your question, because of the following error:\n\nValue type <class 'int'> must match with type integer\n",
        "Unfortunately, I was not able to answer your question, because of the following error:\n\nValue type <class 'int'> must match with type integer\n",
        "Unfortunately, I was not able to answer your question, because of the following error:\n\nValue type <class 'int'> must match with type integer\n",
        "Unfortunately, I was not able to answer your question, because of the following error:\n\nValue type <class 'numpy.int32'> must match with type integer\n",
        "189",
        "Unfortunately, I was not able to answer your question, because of the following error:\n\nValue type <class 'numpy.int32'> must match with type number\n",
        "Unfortunately, I was not able to answer your question, because of the following error:\n\nValue type <class 'int'> must match with type integer\n",
        "189",
        "Unfortunately, I was not able to answer your question, because of the following error:\n\nValue type <class 'int'> must match with type integer\n",
        "Unfortunately, I was not able to answer your question, because of the following error:\n\nValue type <class 'numpy.int32'> must match with type integer\n",
        "189",
        "189",
        "189",
        "Unfortunately, I was not able to answer your question, because of the following error:\n\nValue type <class 'numpy.int32'> must match with type integer\n",
        "189",
        "Unfortunately, I was not able to answer your question, because of the following error:\n\nValue type <class 'int'> must match with type integer\n",
        "Unfortunately, I was not able to answer your question, because of the following error:\n\nValue type <class 'int'> must match with type integer\n",
        "Unfortunately, I was not able to answer your question, because of the following error:\n\nValue type <class 'numpy.int32'> must match with type string\n",
        "The most frequent EventID is 189",
        "189",
        "189",
        "189",
        "189",
        "189",
        "189",
        "189",
        "189",
        "189"
      ],
      "ground_truth_value": "E189",
      "correct_predictions": 0,
      "total_runs": 30,
      "accuracy": 0.0,
      "total_time": 532.9896585941315
    },
    "Question 6": {
      "prompt": "Who is the top user?",
      "model_responses": [
        "authorMacBook-Pro",
        "authorMacBook-Pro",
        "authorMacBook-Pro",
        "authorMacBook-Pro",
        "The top user is authorMacBook-Pro",
        "authorMacBook-Pro",
        "authorMacBook-Pro",
        "authorMacBook-Pro",
        "authorMacBook-Pro",
        "authorMacBook-Pro",
        "The top user is authorMacBook-Pro",
        "authorMacBook-Pro",
        "authorMacBook-Pro",
        "authorMacBook-Pro",
        "authorMacBook-Pro",
        "authorMacBook-Pro",
        "The top user is authorMacBook-Pro",
        "authorMacBook-Pro",
        "authorMacBook-Pro",
        "authorMacBook-Pro",
        "authorMacBook-Pro",
        "authorMacBook-Pro",
        "The top user is authorMacBook-Pro",
        "authorMacBook-Pro",
        "authorMacBook-Pro",
        "authorMacBook-Pro",
        "authorMacBook-Pro",
        "The top user is authorMacBook-Pro",
        "authorMacBook-Pro",
        "authorMacBook-Pro"
      ],
      "ground_truth_value": "authorMacBook-Pro",
      "correct_predictions": 30,
      "total_runs": 30,
      "accuracy": 100.0,
      "total_time": 166.53803944587708
    },
    "Question 7": {
      "prompt": "What is the total number of errors and warnings are recorded in this log?",
      "model_responses": [
        "191",
        "191",
        "341",
        "191",
        "191",
        "191",
        "346325",
        "191",
        "191",
        "346325",
        "191",
        "191",
        "341",
        "191",
        "2000",
        "191",
        "191",
        "191",
        "191",
        "191",
        "191",
        "191",
        "191",
        "191",
        "191",
        "191",
        "341",
        "191",
        "191",
        "2000"
      ],
      "ground_truth_value": 191,
      "correct_predictions": 23,
      "total_runs": 30,
      "accuracy": 76.66666666666667,
      "total_time": 173.36520290374756
    },
    "Question 8": {
      "prompt": "How many missing values are there in Address?",