{
  "evaluation_time": "2024-11-06T11:38:55.286814",
  "results": {
    "Question 1": {
      "prompt": "How many rows are there in the dataset?",
      "model_responses": [
        "2000",
        "2000",
        "2000",
        "2000",
        "2000",
        "2000",
        "2000",
        "2000",
        "2000",
        "2000",
        "2000",
        "2000",
        "2000",
        "2000",
        "2000",
        "2000",
        "2000",
        "2000",
        "2000",
        "2000",
        "2000",
        "2000",
        "2000",
        "2000",
        "2000",
        "2000",
        "2000",
        "2000",
        "2000",
        "2000"
      ],
      "ground_truth_value": 2000,
      "correct_predictions": 30,
      "total_runs": 30,
      "accuracy": 100.0,
      "total_time": 126.55071115493774
    },
    "Question 2": {
      "prompt": "How many times did the event with eventid E29 occur?",
      "model_responses": [
        "558",
        "558",
        "558",
        "558",
        "558",
        "558",
        "558",
        "558",
        "558",
        "558",
        "558",
        "558",
        "558",
        "558",
        "558",
        "558",
        "558",
        "558",
        "558",
        "558",
        "558",
        "558",
        "558",
        "558",
        "558",
        "558",
        "558",
        "558",
        "558",
        "558"
      ],
      "ground_truth_value": 558,
      "correct_predictions": 30,
      "total_runs": 30,
      "accuracy": 100.0,
      "total_time": 136.3419632911682
    },
    "Question 3": {
      "prompt": "How many times did the event E29 occur?",
      "model_responses": [
        "0",
        "0",
        "0",
        "0",
        "558",
        "0",
        "0",
        "0",
        "0",
        "0",
        "558",
        "0",
        "0",
        "0",
        "0",
        "0",
        "558",
        "0",
        "0",
        "0",
        "0",
        "0",
        "0",
        "0",
        "0",
        "0",
        "0",
        "0",
        "0",
        "0"
      ],
      "ground_truth_value": 558,
      "correct_predictions": 3,
      "total_runs": 30,
      "accuracy": 10.0,
      "total_time": 136.49980521202087
    },
    "Question 4": {
      "prompt": "How many times did the event with component CBS occur?",
      "model_responses": [
        "1973",
        "1973",
        "1973",
        "1973",
        "1973",
        "1973",
        "1973",
        "1973",
        "1973",
        "1973",
        "1973",
        "1973",
        "1973",
        "1973",
        "1973",
        "1973",
        "1973",
        "1973",
        "1973",
        "1973",
        "1973",
        "1973",
        "1973",
        "1973",
        "1973",
        "1973",
        "1973",
        "1973",
        "1973",
        "1973"
      ],
      "ground_truth_value": 1973,
      "correct_predictions": 30,
      "total_runs": 30,
      "accuracy": 100.0,
      "total_time": 136.8525595664978
    },
    "Question 5": {
      "prompt": "What is the most frequent eventid that occurred?",
      "model_responses": [
        "Unfortunately, I was not able to answer your question, because of the following error:\n\nNo code found in the response\n",
        "Unfortunately, I was not able to answer your question, because of the following error:\n\nNo code found in the response\n",
        "Unfortunately, I was not able to answer your question, because of the following error:\n\nNo code found in the response\n",
        "Unfortunately, I was not able to answer your question, because of the following error:\n\nNo code found in the response\n",
        "Unfortunately, I was not able to answer your question, because of the following error:\n\nNo code found in the response\n",
        "Unfortunately, I was not able to answer your question, because of the following error:\n\nNo code found in the response\n",
        "Unfortunately, I was not able to answer your question, because of the following error:\n\nNo code found in the response\n",
        "Unfortunately, I was not able to answer your question, because of the following error:\n\nNo code found in the response\n",
        "Unfortunately, I was not able to answer your question, because of the following error:\n\nNo code found in the response\n",
        "Unfortunately, I was not able to answer your question, because of the following error:\n\nNo code found in the response\n",
        "Unfortunately, I was not able to answer your question, because of the following error:\n\nNo code found in the response\n",
        "Unfortunately, I was not able to answer your question, because of the following error:\n\nNo code found in the response\n",
        "Unfortunately, I was not able to answer your question, because of the following error:\n\nNo code found in the response\n",
        "Unfortunately, I was not able to answer your question, because of the following error:\n\nNo code found in the response\n",
        "Unfortunately, I was not able to answer your question, because of the following error:\n\nNo code found in the response\n",
        "Unfortunately, I was not able to answer your question, because of the following error:\n\nNo code found in the response\n",
        "Unfortunately, I was not able to answer your question, because of the following error:\n\nNo code found in the response\n",
        "Unfortunately, I was not able to answer your question, because of the following error:\n\nNo code found in the response\n",
        "Unfortunately, I was not able to answer your question, because of the following error:\n\nNo code found in the response\n",
        "Unfortunately, I was not able to answer your question, because of the following error:\n\nNo code found in the response\n",
        "Unfortunately, I was not able to answer your question, because of the following error:\n\nNo code found in the response\n",
        "Unfortunately, I was not able to answer your question, because of the following error:\n\nNo code found in the response\n",
        "Unfortunately, I was not able to answer your question, because of the following error:\n\nNo code found in the response\n",
        "Unfortunately, I was not able to answer your question, because of the following error:\n\nNo code found in the response\n",
        "Unfortunately, I was not able to answer your question, because of the following error:\n\nNo code found in the response\n",
        "Unfortunately, I was not able to answer your question, because of the following error:\n\nNo code found in the response\n",
        "Unfortunately, I was not able to answer your question, because of the following error:\n\nNo code found in the response\n",
        "Unfortunately, I was not able to answer your question, because of the following error:\n\nNo code found in the response\n",
        "Unfortunately, I was not able to answer your question, because of the following error:\n\nNo code found in the response\n",
        "Unfortunately, I was not able to answer your question, because of the following error:\n\nNo code found in the response\n"
      ],
      "ground_truth_value": "E36",
      "correct_predictions": 0,
      "total_runs": 30,
      "accuracy": 0.0,
      "total_time": 126.38930130004883
    },
    "Question 6": {
      "prompt": "What is the number of errors recorded?",
      "model_responses": [
        "2",
        "2",
        "2",
        "2",
        "2",
        "2",
        "2",
        "2",
        "2",
        "2",
        "2",
        "2",
        "2",
        "2",
        "2",
        "2",
        "2",
        "2",
        "2",
        "2",
        "2",
        "2",
        "2",
        "2",
        "280",
        "2",
        "2",
        "2",
        "2",
        "2"
      ],
      "ground_truth_value": 2,
      "correct_predictions": 30,
      "total_runs": 30,
      "accuracy": 100.0,
      "total_time": 136.04215335845947
    },