{
  "evaluation_time": "2024-10-22T21:10:28.414727",
  "results": {
    "Question 1": {
      "prompt": "How many rows are there in the dataset?",
      "model_responses": [
        "2000",
        "2000",
        "2000",
        "2000",
        "2000",
        "2000",
        "2000",
        "2000",
        "2000",
        "Unfortunately, I was not able to answer your question, because of the following error:\n\nNo code found in the response\n",
        "2000",
        "2000",
        "2000",
        "2000",
        "2000",
        "2000",
        "2000",
        "2000",
        "2000",
        "2000",
        "2000",
        "2000",
        "2000",
        "2000",
        "2000",
        "2000",
        "2000",
        "2000",
        "2000",
        "2000"
      ],
      "ground_truth_value": 2000,
      "correct_predictions": 29,
      "total_runs": 30,
      "accuracy": 96.66666666666667,
      "total_time": 197.41554427146912
    },
    "Question 2": {
      "prompt": "How many times did the event with eventid E189 occur?",
      "model_responses": [
        "0",
        "166",
        "166",
        "166",
        "166",
        "166",
        "166",
        "166",
        "166",
        "166",
        "166",
        "166",
        "166",
        "166",
        "166",
        "166",
        "166",
        "166",
        "166",
        "166",
        "166",
        "166",
        "166",
        "166",
        "0",
        "166",
        "0",
        "166",
        "166",
        "166"
      ],
      "ground_truth_value": 166,
      "correct_predictions": 27,
      "total_runs": 30,
      "accuracy": 90.0,
      "total_time": 194.44603395462036
    },
    "Question 3": {
      "prompt": "How many times did the event E189 occur?",
      "model_responses": [
        "0",
        "0",
        "0",
        "0",
        "0",
        "0",
        "0",
        "0",
        "0",
        "0",
        "0",
        "0",
        "0",
        "0",
        "0",
        "0",
        "0",
        "0",
        "0",
        "0",
        "0",
        "0",
        "0",
        "0",
        "0",
        "0",
        "0",
        "0",
        "0",
        "0"
      ],
      "ground_truth_value": 166,
      "correct_predictions": 0,
      "total_runs": 30,
      "accuracy": 0.0,
      "total_time": 184.97366786003113
    },
    "Question 4": {
      "prompt": "How many times did the event with eventid E188 occur?",
      "model_responses": [
        "71",
        "71",
        "71",
        "0",
        "71",
        "0",
        "71",
        "71",
        "71",
        "71",
        "71",
        "71",
        "0",
        "71",
        "71",
        "71",
        "71",
        "71",
        "71",
        "71",
        "71",
        "71",
        "71",
        "71",
        "71",
        "71",
        "71",
        "71",
        "71",
        "71"
      ],
      "ground_truth_value": 71,
      "correct_predictions": 27,
      "total_runs": 30,
      "accuracy": 90.0,
      "total_time": 184.80435729026794
    },
    "Question 5": {
      "prompt": "How many times did the event with component kernel occur?",
      "model_responses": [
        "775",
        "775",
        "0",
        "0",
        "775",
        "775",
        "775",
        "775",
        "0",
        "775",
        "775",
        "775",
        "775",
        "775",
        "0",
        "775",
        "775",
        "775",
        "775",
        "775",
        "775",
        "775",
        "775",
        "775",
        "775",
        "775",
        "775",
        "775",
        "775",
        "775"
      ],
      "ground_truth_value": 775,
      "correct_predictions": 26,
      "total_runs": 30,
      "accuracy": 86.66666666666667,
      "total_time": 196.60327744483948
    },
    "overall": {
      "correct_predictions": 109,
      "total_runs": 5,
      "accuracy": 2180.0,
      "total_time": 958.242880821228
    }
  }
}