{
  "evaluation_time": "2024-11-02T22:01:21.349477",
  "results": {
    "Question 1": {
      "prompt": "How many rows are there in the dataset?",
      "model_responses": [
        "2000",
        "2000",
        "2000",
        "2000",
        "2000",
        "2000",
        "2000",
        "2000",
        "2000",
        "2000",
        "2000",
        "2000",
        "2000",
        "2000",
        "2000",
        "2000",
        "2000",
        "2000",
        "2000",
        "2000",
        "2000",
        "2000",
        "2000",
        "2000",
        "2000",
        "2000",
        "2000",
        "2000",
        "2000",
        "2000"
      ],
      "ground_truth_value": 2000,
      "correct_predictions": 30,
      "total_runs": 30,
      "accuracy": 100.0,
      "total_time": 331.4972686767578
    },
    "Question 2": {
      "prompt": "How many times did the event with eventid E29 occur?",
      "model_responses": [
        "558",
        "558",
        "558",
        "558",
        "558",
        "558",
        "558",
        "558",
        "558",
        "558",
        "558",
        "558",
        "558",
        "558",
        "558",
        "558",
        "558",
        "558",
        "558",
        "558",
        "558",
        "558",
        "558",
        "558",
        "558",
        "558",
        "558",
        "558",
        "558",
        "558"
      ],
      "ground_truth_value": 558,
      "correct_predictions": 30,
      "total_runs": 30,
      "accuracy": 100.0,
      "total_time": 427.861807346344
    },
    "Question 3": {
      "prompt": "How many times did the event E29 occur?",
      "model_responses": [
        "0",
        "0",
        "0",
        "0",
        "0",
        "0",
        "0",
        "0",
        "0",
        "0",
        "0",
        "0",
        "558",
        "0",
        "0",
        "0",
        "0",
        "0",
        "0",
        "558",
        "0",
        "0",
        "0",
        "0",
        "0",
        "0",
        "0",
        "0",
        "558",
        "0"
      ],
      "ground_truth_value": 558,
      "correct_predictions": 3,
      "total_runs": 30,
      "accuracy": 10.0,
      "total_time": 392.8124701976776
    },
    "Question 4": {
      "prompt": "How many times did the event with component CBS occur?",
      "model_responses": [
        "1973",
        "1973",
        "1973",
        "1973",
        "1973",
        "1973",
        "1973",
        "1973",
        "1973",
        "1973",
        "1973",
        "1973",
        "1973",
        "1973",
        "1973",
        "1973",
        "1973",
        "1973",
        "1973",
        "1973",
        "1973",
        "1973",
        "1973",
        "1973",
        "1973",
        "1973",
        "1973",
        "1973",
        "1973",
        "1973"
      ],
      "ground_truth_value": 1973,
      "correct_predictions": 30,
      "total_runs": 30,
      "accuracy": 100.0,
      "total_time": 360.15006613731384
    },
    "Question 5": {
      "prompt": "What is the most frequent eventid that occurred?",
      "model_responses": [
        "The most frequent EventId is E36.",
        "The most frequent eventid is E36.",
        "The most frequent EventId is E36.",
        "The most frequent eventid is E36.",
        "The most frequent EventId is E36.",
        "The most frequent EventId is E36.",
        "The most frequent EventId is E36.",
        "The most frequent EventId is E36.",
        "The most frequent EventId is E36.",
        "The most frequent EventId is E36.",
        "The most frequent EventId is E36.",
        "The most frequent EventId is E36.",
        "The most frequent EventId is E36.",
        "The most frequent EventId is E36.",
        "The most frequent eventid is E36.",
        "The most frequent EventId is E36.",
        "The most frequent EventId is E36.",
        "The most frequent EventId is E36.",
        "The most frequent EventId is E36.",
        "The most frequent eventid is E36.",
        "The most frequent EventId is E36.",
        "The most frequent EventId is E36.",
        "The most frequent EventId is E36.",
        "The most frequent EventId is E36.",
        "The most frequent EventId is E36.",
        "The most frequent EventId is E36.",
        "The most frequent EventId is E36.",
        "The most frequent EventId is E36.",
        "The most frequent EventId is E36.",
        "The most frequent EventId is E36."
      ],
      "ground_truth_value": "E36",
      "correct_predictions": 30,
      "total_runs": 30,
      "accuracy": 100.0,
      "total_time": 387.12696409225464
    },
    "Question 6": {
      "prompt": "What is the number of errors recorded?",
      "model_responses": [
        "2",
        "2000",
        "2",
        "2",
        "2",
        "2",
        "2",
        "2",
        "2",
        "2",
        "2",
        "2",
        "2",
        "2",
        "2",
        "2",
        "2",
        "2",
        "2",
        "2",
        "2",
        "2",
        "2",
        "2",
        "2",
        "2",
        "2",
        "2",
        "2",
        "2"
      ],
      "ground_truth_value": 2,
      "correct_predictions": 30,
      "total_runs": 30,
      "accuracy": 100.0,
      "total_time": 439.25221586227417
    },
    "Question 7": {
      "prompt": "What is the number of warnings recorded?",
      "model_responses": [
        "282",
        "0",
        "Unfortunately, I was not able to answer your question, because of the following error:\n\nNo code found in the response\n",
        "Unfortunately, I was not able to answer your question, because of the following error:\n\nNo code found in the response\n",
        "0",
        "0",
        "0",
        "0",
        "282",
        "Unfortunately, I was not able to answer your question, because of the following error:\n\nname 'KeyError' is not defined\n",
        "0",
        "0",
        "0",
        "0",
        "0",
        "0",
        "0",
        "Unfortunately, I was not able to answer your question, because of the following error:\n\nNo code found in the response\n",
        "Unfortunately, I was not able to answer your question, because of the following error:\n\nNo code found in the response\n",
        "0",
        "Unfortunately, I was not able to answer your question, because of the following error:\n\nNo code found in the response\n",
        "0",
        "0",
        "282",
        "0",
        "0",
        "Unfortunately, I was not able to answer your question, because of the following error:\n\nNo code found in the response\n",
        "282",
        "Unfortunately, I was not able to answer your question, because of the following error:\n\nNo code found in the response\n",
        "0"
      ],
      "ground_truth_value": 282,
      "correct_predictions": 4,
      "total_runs": 30,
      "accuracy": 13.333333333333334,
      "total_time": 879.9935982227325
    },
    "Question 8": {
      "prompt": "Who is the top EventTemplate?",