{
  "evaluation_time": "2024-10-31T21:03:42.617040",
  "results": {
    "Question 1": {
      "prompt": "How many rows are there in the dataset?",
      "model_responses": [
        "2000",
        "2000",
        "2000",
        "2000",
        "2000",
        "2000",
        "2000",
        "2000",
        "2000",
        "2000",
        "2000",
        "2000",
        "2000",
        "2000",
        "2000",
        "2000",
        "2000",
        "2000",
        "2000",
        "2000",
        "2000",
        "2000",
        "2000",
        "2000",
        "2000",
        "2000",
        "2000",
        "2000",
        "2000",
        "2000"
      ],
      "ground_truth_value": 2000,
      "correct_predictions": 30,
      "total_runs": 30,
      "accuracy": 100.0,
      "total_time": 123.06400871276855
    },
    "Question 2": {
      "prompt": "How many times did the event with eventid E189 occur?",
      "model_responses": [
        "166",
        "166",
        "166",
        "166",
        "166",
        "166",
        "166",
        "166",
        "166",
        "166",
        "166",
        "166",
        "166",
        "166",
        "166",
        "166",
        "166",
        "166",
        "166",
        "166",
        "166",
        "166",
        "166",
        "166",
        "166",
        "166",
        "166",
        "1",
        "166",
        "166"
      ],
      "ground_truth_value": 166,
      "correct_predictions": 29,
      "total_runs": 30,
      "accuracy": 96.66666666666667,
      "total_time": 131.37287664413452
    },
    "Question 3": {
      "prompt": "How many times did the event E189 occur?",
      "model_responses": [
        "166",
        "166",
        "166",
        "166",
        "166",
        "166",
        "166",
        "166",
        "166",
        "166",
        "166",
        "166",
        "166",
        "166",
        "166",
        "166",
        "166",
        "166",
        "166",
        "166",
        "166",
        "166",
        "166",
        "166",
        "166",
        "166",
        "166",
        "166",
        "166",
        "166"
      ],
      "ground_truth_value": 166,
      "correct_predictions": 30,
      "total_runs": 30,
      "accuracy": 100.0,
      "total_time": 125.72257828712463
    },
    "Question 4": {
      "prompt": "How many times did the event with component kernel occur?",
      "model_responses": [
        "775",
        "775",
        "775",
        "775",
        "775",
        "775",
        "775",
        "775",
        "775",
        "775",
        "775",
        "775",
        "775",
        "775",
        "775",
        "775",
        "775",
        "775",
        "775",
        "775",
        "775",
        "775",
        "775",
        "775",
        "775",
        "775",
        "775",
        "775",
        "775",
        "775"
      ],
      "ground_truth_value": 775,
      "correct_predictions": 30,
      "total_runs": 30,
      "accuracy": 100.0,
      "total_time": 123.5471739768982
    },
    "Question 5": {
      "prompt": "What is the most frequent eventid that occurred?",
      "model_responses": [
        "E189",
        "E189",
        "E189",
        "E189",
        "The most frequent eventid is E189.",
        "The most frequent eventid is E189.",
        "E189",
        "E189",
        "E189",
        "E189",
        "E189",
        "E189",
        "E189",
        "E189",
        "E189",
        "The most frequent eventid is E189.",
        "E189",
        "E189",
        "E189",
        "E189",
        "The most frequent EventId is E189.",
        "E189",
        "E189",
        "E189",
        "E189",
        "E189",
        "E189",
        "E189",
        "E189",
        "E189"
      ],
      "ground_truth_value": "E189",
      "correct_predictions": 30,
      "total_runs": 30,
      "accuracy": 100.0,
      "total_time": 125.93522524833679
    },
    "Question 6": {
      "prompt": "What is the total number of errors and warnings are recorded in this log?",
      "model_responses": [
        "191",
        "191",
        "2000",
        "2000",
        "2000",
        "2000",
        "2000",
        "191",
        "2000",
        "2000",
        "191",
        "2000",
        "2000",
        "2000",
        "2000",
        "2000",
        "2000",
        "2000",
        "2000",
        "2000",
        "2000",
        "191",
        "2000",
        "191",
        "2000",
        "2000",
        "2000",
        "2000",
        "2000",
        "2000"
      ],
      "ground_truth_value": 191,
      "correct_predictions": 6,
      "total_runs": 30,
      "accuracy": 20.0,
      "total_time": 123.09857606887817
    },
    "Question 7": {
      "prompt": "Who is the top user?",
      "model_responses": [
        "authorMacBook-Pro",
        "authorMacBook-Pro",
        "authorMacBook-Pro",
        "authorMacBook-Pro",
        "authorMacBook-Pro",
        "authorMacBook-Pro",
        "authorMacBook-Pro",
        "authorMacBook-Pro",
        "authorMacBook-Pro",
        "authorMacBook-Pro",
        "authorMacBook-Pro",
        "authorMacBook-Pro",
        "authorMacBook-Pro",
        "authorMacBook-Pro",
        "authorMacBook-Pro",
        "authorMacBook-Pro",
        "authorMacBook-Pro",
        "authorMacBook-Pro",
        "authorMacBook-Pro",
        "authorMacBook-Pro",
        "authorMacBook-Pro",
        "authorMacBook-Pro",
        "authorMacBook-Pro",
        "authorMacBook-Pro",
        "authorMacBook-Pro",
        "authorMacBook-Pro",
        "authorMacBook-Pro",
        "authorMacBook-Pro",
        "authorMacBook-Pro",
        "authorMacBook-Pro"
      ],
      "ground_truth_value": "authorMacBook-Pro",
      "correct_predictions": 30,
      "total_runs": 30,
      "accuracy": 100.0,
      "total_time": 122.99139595031738
    },
    "Question 8": {
      "prompt": "How many missing values are there in Address?",
      "model_responses": [
        "1946",
        "1946",
        "1946",
        "1946",
        "1946",
        "1946",
        "1946",
        "1946",
        "1946",
        "1946",
        "1946",
        "1946",
        "1946",
        "1946",
        "1946",
        "1946",
        "1946",
        "1946",
        "1946",
        "1946",
        "1946",
        "1946",
        "1946",
        "1946",
        "1946",
        "1946",
        "1946",
        "1946",
        "1946",
        "1946"
      ],
      "ground_truth_value": 1946,
      "correct_predictions": 30,
      "total_runs": 30,
      "accuracy": 100.0,
      "total_time": 124.01969909667969
    },
    "Question 9": {
      "prompt": "How many times did the event with component kernel occur?",
      "model_responses": [
        "775",
        "775",
        "775",
        "775",
        "775",
        "775",
        "775",
        "775",
        "775",
        "775",
        "775",
        "775",
        "775",
        "775",
        "775",
        "775",
        "775",
        "775",
        "775",
        "775",
        "775",
        "775",
        "775",
        "775",
        "775",
        "775",
        "775",
        "775",
        "775",
        "775"
      ],
      "ground_truth_value": 775,
      "correct_predictions": 30,
      "total_runs": 30,
      "accuracy": 100.0,
      "total_time": 124.78209376335144
    },
    "Question 10": {
      "prompt": "How many authorMacBook-Pro user are there?",