,HDFS,Hadoop,Spark,Zookeeper,BGL,HPC,Thunderbird,Windows,Linux,Android,HealthApp,Apache,Proxifier,OpenSSH,OpenStack,Mac,Average
Group Accuracy,1.0,1.0,1.0,1.0,1.0,1.0,1.0,1.0,1.0,0.9025,1.0,1.0,1.0,0.9985,1.0,1.0,0.9938125
Parsing Accuracy,0.0,0.1735,0.804,0.6625,0.899,0.9035,0.4255,0.6865,0.259,0.6035,0.978,1.0,0.0,0.9965,0.406,0.553,0.5844062500000001
Edit distance,0.7735335544786296,0.8015132715509555,0.9620266912875609,0.9582446197076093,0.9972170076737102,0.9936225355083491,0.8813316935054506,0.9757966625635704,0.8526974263049196,0.9357962967817994,0.9934322268071575,1.0,0.6225706111974056,0.9997928980526919,0.9469729051072211,0.9226868564776899,0.913577203562795
unseen_PA,0.0,0.4927536231884058,1.0,0.8947368421052632,0.8863636363636364,0.8,0.7052631578947368,0.7,0.6736842105263158,0.5636363636363636,0.6774193548387096,0.0,0.0,0.8333333333333334,0.5,0.6370370370370371,0.6688733970659859
no_unseen,2.0,69.0,19.0,19.0,44.0,10.0,95.0,20.0,95.0,55.0,31.0,0.0,0.0,6.0,2.0,135.0,43.0
